count,x,y,z
1,2569,1283,2023
2,2552,1442,1914
3,2558,1343,1993
4,2593,1415,1894
5,2518,1443,1929
6,2551,1449,1860
7,2528,1344,1910
8,2517,1395,1886
9,2552,1403,1927
10,2120,77,1367
11,2055,21,1362
12,2094,63,1348
13,2104,47,1373
14,2079,27,1391
15,2052,17,1385
16,2106,47,1382
17,2082,34,1372
18,2034,37,1378
19,2091,19,1396
20,2162,67,1391
21,2085,-13,1407
22,2085,-9,1457
23,2096,19,1422
24,2100,-22,1445
25,2103,-27,1416
26,2072,-83,1433
27,2118,-40,1405
28,2133,-53,1473
29,2139,-61,1441
30,2150,-68,1458
31,2150,-64,1485
32,2103,-114,1516
33,2092,-147,1519
34,2151,-116,1508
35,2170,-135,1541
36,2136,-197,1475
37,2123,-180,1464
38,2052,-211,1474
39,2065,-274,1501
40,2018,-297,1456
41,2106,-258,1486
42,2045,-331,1561
43,2015,-340,1579
44,2021,-382,1514
45,1992,-400,1507
46,2030,-400,1523
47,1966,-427,1554
48,1983,-439,1513
49,2007,-447,1528
50,2041,-421,1545
51,2017,-471,1507
52,1954,-515,1517
53,2044,-469,1588
54,1997,-564,1577
55,1997,-564,1577
56,2071,-576,1585
57,2024,-593,1626
58,2041,-562,1662
59,2023,-612,1718
60,2056,-658,1741
61,2135,-667,1366
62,2175,-660,1610
63,2045,-701,2020
64,2168,-745,1511
65,2177,-759,1570
66,2269,-740,1517
67,2233,-826,1506
68,2208,-832,1496
69,2297,-821,1619
70,2245,-898,1596
71,2217,-928,1626
72,2272,-937,1558
73,2258,-877,1620
74,2349,-903,1589
75,2312,-985,1556
76,2339,-1012,1628
77,2360,-1073,1609
78,2335,-1091,1696
79,2351,-1093,1744
80,2319,-1210,1586
81,2276,-1214,1656
82,2292,-1283,1516
83,2385,-1230,1586
84,2389,-1301,1497
85,2336,-1325,1590
86,2357,-1378,1571
87,2360,-1396,1571
88,2418,-1398,1547
89,2478,-1396,1619
90,2446,-1469,1569
91,2395,-1499,1662
92,2435,-1536,1603
93,2481,-1556,1588
94,2453,-1596,1613
95,2469,-1649,1575
96,2500,-1676,1494
97,2477,-1653,1696
98,2445,-1691,1676
99,2414,-1787,1613
100,2501,-1788,1622
101,2409,-1799,1695
102,2451,-1909,1521
103,2483,-1825,1679
104,2457,-1901,1612
105,2470,-1928,1532
106,2412,-1997,1548
107,2497,-2022,1524
108,2435,-2044,1638
109,2416,-2097,1609
110,2461,-2091,1613
111,2404,-2137,1642
112,2415,-2199,1642
113,2430,-2281,1546
114,2461,-2305,1412
115,2424,-2340,1551
116,2446,-2410,1432
117,2415,-2420,1500
118,2460,-2429,1626
119,2456,-2484,1527
120,2562,-2412,1674
121,2463,-2506,1556
122,2362,-2481,1839
123,2442,-2514,1726
124,2427,-2555,1798
125,2475,-2585,1741
126,2381,-2702,1528
127,2345,-2689,1788
128,2300,-2751,1731
129,2434,-2726,1769
130,2267,-2848,1682
131,2373,-2866,1762
132,2234,-2934,1615
133,2339,-2956,1577
134,2345,-2965,1683
135,2180,-3104,1489
136,2318,-3068,1639
137,2268,-3134,1613
138,2253,-3106,1769
139,2406,-3122,1815
140,2328,-3242,1611
141,2524,-3245,1578
142,2140,-3311,1680
143,2298,-3321,1619
144,2409,-3334,1720
145,2317,-3427,1578
146,2260,-3445,1519
147,2216,-3464,1699
148,2182,-3553,1640
149,2122,-3526,1820
150,2172,-3592,1664
151,2357,-3539,1738
152,2299,-3565,1683
153,2256,-3676,1445
154,2345,-3664,1648
155,2418,-3645,1731
156,2363,-3733,1547
157,2244,-3799,1528
158,2331,-3800,1498
159,2288,-3845,1557
160,2334,-3877,1573
161,2194,-3961,1403
162,2374,-3942,1457
163,2314,-3949,1653
164,2273,-3979,1785
165,2273,-3979,1785
166,2162,-4091,1532
167,2141,-4120,1511
168,2211,-4136,1703
169,2166,-4217,1392
170,2194,-4227,1412
171,2204,-4210,1806
172,2180,-4268,1522
173,2337,-4249,1683
174,2229,-4306,1726
175,2259,-4352,1560
176,2307,-4353,1603
177,2172,-4430,1472
178,2209,-4461,1366
179,2328,-4436,1347
180,2462,-4442,1333
181,2154,-4529,1290
182,2114,-4576,1516
183,2231,-4553,1498
184,2231,-4553,1498
185,2217,-4584,1528
186,2290,-4578,1686
187,2296,-4603,1558
188,2215,-4637,1568
189,2269,-4577,1763
190,2437,-4599,1549
191,2220,-4660,1440
192,2315,-4638,1537
193,2340,-4624,1687
194,2198,-4677,1680
195,2225,-4674,1571
196,2377,-4617,1735
197,2225,-4642,1834
198,2066,-4699,1671
199,2184,-4572,2171
200,2113,1430,-4114
201,2086,-4672,1693
202,1850,-4736,1584
203,2093,-4595,1961
204,1942,-4690,1809
205,1864,-4694,1863
206,2250,-4567,1993
207,1974,-4682,1486
208,2059,-4670,1537
209,2026,-4632,1641
210,1966,-4624,1802
211,1992,-4571,1984
212,2016,-4578,1887
213,2062,-4571,1926
214,2106,-4574,1730
215,1993,-4565,1863
216,2080,-4545,1949
217,1921,-4569,1917
218,1941,-4599,1725
219,2146,-4565,1768
220,2169,-4589,1571
221,2105,-4621,1499
222,1972,-4626,1468
223,2131,-4526,1790
224,1895,-4617,1421
225,1984,-4602,1511
226,2048,-4576,1580
227,2169,-4589,1571
228,1915,-4632,1437
229,2169,-4589,1571
230,1913,-4612,1311
231,1984,-4602,1511
232,1932,-4607,1458
233,2099,-4583,1498
234,2169,-4589,1571
235,1915,-4632,1437
236,2048,-4576,1580
237,1988,-4623,1387
238,2137,-4555,1670
239,1976,-4647,1341
240,2010,-4615,1532
241,1933,-4643,1452
242,2186,-4572,1712
243,2091,-4567,1747
244,2212,-4571,1608
245,2101,-4617,1496
246,2083,-4617,1576
247,2007,-4634,1401
248,2029,-4625,1548
249,1929,-4618,1582
250,1936,-4662,1323
251,1912,-4627,1435
252,1909,-4644,1586
253,2037,-4610,1701
254,1971,-4584,1779
255,1979,-4623,1783
256,2076,-4642,1500
257,1979,-4623,1783
258,1996,-4596,1804
259,1980,-4635,1534
260,1976,-4612,1656
261,1971,-4584,1779
262,2072,-4617,1626
263,2027,-4607,1551
264,2172,-4598,1560
265,2015,-4632,1508
266,1930,-4600,1585
267,2027,-4607,1551
268,1859,-4631,1512
269,1845,-4655,1238
270,2031,-4630,1426
271,2006,-4582,1755
272,1982,-4653,1232
273,2027,-4607,1551
274,2083,-4617,1576
275,2096,-4594,1621
276,1998,-4587,1654
277,1929,-4618,1582
278,1998,-4587,1654
279,1933,-4643,1452
280,2167,-4573,1787
281,2120,-4592,1514
282,1998,-4587,1654
283,2050,-4581,1672
284,2212,-4571,1608
285,1897,-4642,1483
286,1807,-4647,1616
287,1796,-4695,1473
288,1787,-4633,1595
289,1795,-4695,1212
290,1623,-4693,1298
291,1883,-4643,1561
292,1886,-4664,1436
293,1799,-4633,1517
294,1776,-4682,1455
295,1776,-4682,1455
296,2091,-4567,1747
297,2073,-4565,1821
298,1933,-4643,1452
299,2163,-4587,1566
300,2073,-4565,1821
301,2003,-4612,1527
302,2091,-4567,1747
303,2239,-4511,1897
304,2127,-4630,1515
305,2127,-4630,1515
306,2151,-4532,1810
307,2009,-4655,1432
308,1933,-4639,1611
309,1821,-4640,1500
310,2000,-4606,1680
311,1912,-4637,1716
312,1908,-4611,1838
313,2152,-4599,1567
314,1973,-4575,1900
315,2000,-4606,1680
316,2005,-4632,1559
317,2016,-4608,1605
318,2072,-4617,1626
319,2020,-4647,1375
320,2155,-4572,1835
321,1996,-4635,1457
322,2061,-4563,1868
323,2133,-4590,1692
324,2130,-4603,1547
325,1955,-4612,1759
326,1976,-4612,1656
327,1892,-4667,1571
328,2155,-4572,1835
329,2003,-4567,1816
330,1928,-4587,1648
331,1941,-4626,1623
332,2068,-4581,1660
333,2020,-4568,1741
334,2003,-4567,1816
335,2027,-4578,1840
336,2003,-4567,1816
337,2110,-4546,1830
338,2021,-4547,1959
339,1928,-4587,1648
340,2015,-4632,1508
341,2015,-4632,1508
342,1958,-4638,1477
343,1934,-4624,1457
344,2056,-4644,1443
345,2056,-4644,1443
346,1958,-4638,1477
347,2039,-4645,1526
348,2039,-4645,1526
349,2085,-4655,1466
350,1971,-4675,1452
351,2132,-4667,1543
352,2040,-4683,1840
353,2161,-4679,1566
354,2202,-4655,1871
355,2138,-4689,1806
356,2145,-4720,1680
357,2240,-4692,1777
358,2240,-4692,1777
359,2246,-4720,1647
360,2219,-4721,1755
361,2339,-4695,1742
362,2420,-4711,1328
363,2476,-4655,1542
364,2414,-4686,1465
365,2540,-4628,1750
366,2603,-4619,1692
367,2610,-4645,1561
368,2673,-4605,1894
369,2571,-4631,1922
370,2606,-4699,1508
371,2635,-4694,1567
372,2863,-4622,1655
373,2691,-4724,1565
374,2476,-4810,1585
375,2896,-4722,1635
376,2485,-4915,971
377,2691,-4851,1341
378,2878,-4793,1723
379,2877,-4863,1246
380,3035,-4811,1581
381,2874,-4911,1433
382,3035,-4865,1131
383,2804,-4934,1390
384,2914,-4840,1600
385,3067,-4792,1641
386,3122,-4817,1532
387,3027,-4850,1429
388,3124,-4853,1480
389,3272,-4784,1810
390,3367,-4756,1581
391,3322,-4795,1497
392,3435,-4778,1519
393,3522,-4782,1243
394,3372,-4838,1559
395,3379,-4894,852
396,3545,-4800,1061
397,3334,-4923,993
398,3653,-4784,1396
399,3671,-4767,1558
400,3729,-4783,1204
401,4190,-4590,1527
402,3919,-4773,1196
403,3952,-4770,1206
404,3882,-4864,1250
405,3787,-4922,972
406,4001,-4821,1454
407,4032,-4842,1071
408,4086,-4842,1487
409,4074,-4864,1699
410,4067,-4850,1546
411,4254,-4753,1920
412,4351,-4784,1665
413,4049,-4946,1678
414,4329,-4807,1861
415,4212,-4858,2079
416,4311,-4827,2050
417,4352,-4839,1870
418,4452,-4807,1833
419,4467,-4735,2287
420,4714,-4667,1738
421,4633,-4735,1779
422,4486,-4847,1732
423,4449,-4924,1554
424,4562,-4822,1948
425,4416,-4906,2095
426,4567,-4891,2031
427,4786,-4848,1818
428,4930,-4758,1761
429,4759,-4901,1681
430,4832,-4951,1624
431,4761,-4979,1594
432,4881,-4940,1396
433,4693,-5077,1304
434,4998,-4911,1529
435,5112,-4875,1663
436,5033,-4957,1370
437,4456,-4271,-3054
438,5260,-4873,1662
439,5315,-4835,1890
440,5298,-4892,1509
441,5494,-4718,1978
442,5445,-4793,1944
443,5379,-4920,1747
444,5597,-4732,1938
445,5471,-4824,2110
446,5570,-4877,1490
447,5525,-4932,1720
448,5696,-4853,1461
449,5718,-4884,1462
450,5616,-4965,1858
451,5722,-4921,1991
452,5782,-4871,2244
453,5750,-5005,2135
454,5845,-4949,1933
455,5848,-4951,2099
456,5874,-5010,2019
457,5900,-5069,1935
458,6003,-4988,1991
459,5903,-5039,2196
460,5923,-5040,2284
461,6004,-5011,2220
462,6167,-4906,2304
463,6212,-4958,1977
464,6155,-5039,1941
465,6241,-4986,1980
466,6290,-4879,2273
467,6335,-4929,1946
468,6283,-5038,1819
469,6346,-4950,2055
470,6368,-4974,1884
471,6443,-4895,2017
472,6267,-5015,2164
473,6546,-4853,1686
474,6466,-4923,1827
475,6408,-5037,1400
476,6329,-5095,1273
477,6643,-4792,1831
478,6533,-4974,1498
479,6517,-4956,1664
480,6816,-4672,1862
481,6926,-4623,1452
482,7023,-4564,1669
483,7042,-4535,1979
484,7258,-4396,1592
485,7084,-4473,2228
486,7401,-4158,1877
487,7467,-4165,1310
488,7204,-4512,988
489,7041,-4671,1178
490,7083,-4573,1628
491,7083,-4573,1628
492,7136,-4490,2222
493,7165,-4517,2058
494,7184,-4564,939
495,7093,-4642,1291
496,7230,-4471,1416
497,7064,-4625,1228
498,7230,-4471,1416
499,7125,-4523,1628
500,7227,-4434,1354
501,7133,-4513,1319
502,6895,-4776,1405
503,7067,-4618,1288
504,7002,-4711,1320
505,7262,-4395,1706
506,7015,-4619,1554
507,7177,-4458,1743
508,7211,-4363,1808
509,7123,-4557,1404
510,7034,-4641,1850
511,7031,-4634,1369
512,7046,-4639,1245
513,7233,-4382,1632
514,6967,-4719,1086
515,7244,-4359,1024
516,7029,-4568,1874
517,7068,-4584,1663
518,7007,-4548,2222
519,6956,-4640,1801
520,6810,-4810,1912
521,6824,-4824,1556
522,7137,-4512,1740
523,7105,-4487,1736
524,7175,-4409,2052
525,7004,-4685,1629
526,7195,-4411,1778
527,6964,-4654,1916
528,6964,-4654,1916
529,7047,-4575,1773
530,7113,-4490,1916
531,7178,-4427,1976
532,7029,-4568,1874
533,6964,-4654,1916
534,6877,-4718,2123
535,6991,-4666,1509
536,6993,-4674,1441
537,7002,-4676,1704
538,7060,-4604,1788
539,7099,-4499,1914
540,7154,-4500,1486
541,6961,-4643,1773
542,7021,-4577,2048
543,6890,-4737,1951
544,7051,-4586,1673
545,6943,-4639,1807
546,7108,-4376,2368
547,6953,-4642,1527
548,7035,-4580,1775
549,7251,-4360,1375
550,7073,-4543,1709
551,7175,-4452,1525
552,7139,-4439,1454
553,7132,-4429,1812
554,7019,-4620,1523
555,7154,-4477,1681
556,7091,-4549,1605
557,7138,-4449,1924
558,7091,-4549,1605
559,7133,-4458,1848
560,6982,-4558,1960
561,7129,-4509,1410
562,7038,-4581,1442
563,7066,-4466,1895
564,7110,-4492,1600
565,7033,-4586,1374
566,7066,-4466,1895
567,7044,-4463,2175
568,7185,-4414,1380
569,6951,-4673,1529
570,725,-4141,-4909
571,7015,-4594,2019
572,7119,-4533,1702
573,7197,-4449,1559
574,7031,-4595,1738
575,7160,-4429,2019
576,7058,-4633,1673
577,7197,-4449,1559
578,7098,-4514,1879
579,6987,-4564,2009
580,7075,-4505,1976
581,6947,-4674,1882
582,7060,-4550,1602
583,7070,-4569,1708
584,6917,-4719,1782
585,6906,-4717,1812
586,7195,-4406,1985
587,7008,-4658,1746
588,6906,-4713,2059
589,6839,-4798,1849
590,6920,-4727,1711
591,7001,-4647,1565
592,6936,-4738,1602
593,6889,-4731,1840
594,7074,-4483,2275
595,7070,-4464,2178
596,7066,-4472,2105
597,7090,-4470,2086
598,7067,-4593,1593
599,7145,-4509,1447
600,7170,-4405,1878
601,6964,-4654,1916
602,7115,-4478,1987
603,7095,-4609,1671
604,6981,-4668,1526
605,7044,-4573,1563
606,7215,-4406,1448
607,7041,-4596,1885
608,7080,-4603,1752
609,6998,-4681,1893
610,7090,-4601,1450
611,6879,-4727,1849
612,7104,-4507,2088
613,7035,-4580,1775
614,7031,-4557,1919
615,7266,-4370,1566
616,7237,-4382,1606
617,7001,-4613,1637
618,7192,-4360,1883
619,6921,-4690,1778
620,7098,-4563,1717
621,7055,-4524,2057
622,6982,-4603,1741
623,7087,-4556,1538
624,7001,-4604,1703
625,7063,-4522,1597
626,6912,-4757,1592
627,6846,-4846,1625
628,7145,-4509,1447
629,6883,-4728,2051
630,6912,-4757,1592
631,7006,-4687,1261
632,6918,-4617,2176
633,6918,-4617,2176
634,6724,-4875,1873
635,6846,-4846,1324
636,6964,-4654,1916
637,7037,-4569,1589
638,7047,-4575,1773
639,7054,-4591,1882
640,6916,-4752,1290
641,7047,-4575,1773
642,6893,-4738,1772
643,7074,-4582,1357
644,7085,-4599,1478
645,7047,-4575,1773
646,7037,-4569,1589
647,6912,-4757,1592
648,7026,-4555,1946
649,7008,-4681,1321
650,6959,-4649,1731
651,6964,-4654,1916
652,6893,-4738,1772
653,6836,-4836,1445
654,7067,-4593,1593
655,6820,-4820,1837
656,6928,-4772,1415
657,6992,-4680,1377
658,6985,-4674,1739
659,7087,-4536,1704
660,7031,-4634,1369
661,6908,-4673,1694
662,7233,-4382,1632
663,7233,-4382,1632
664,7066,-4517,1878
665,7269,-4263,1842
666,7220,-4375,1454
667,7177,-4458,1743
668,7152,-4452,1849
669,7022,-4612,1247
670,7170,-4463,1457
671,7217,-4365,1784
672,7217,-4365,1784
673,7013,-4628,1745
674,7170,-4463,1457
675,7152,-4447,1638
676,7082,-4529,1488
677,7093,-4550,1241
678,7082,-4529,1488
679,7175,-4452,1525
680,7078,-4544,1886
681,7112,-4490,1711
682,6879,-4727,1849
683,6841,-4689,2283
684,6782,-4782,2077
685,6901,-4748,1673
686,6875,-4580,2405
687,7013,-4560,1947
688,7100,-4488,1990
689,6966,-4660,1633
690,6980,-4661,1595
691,7074,-4597,1563
692,6988,-4668,1786
693,7105,-4387,2294
694,6779,-4779,2152
695,6877,-4721,1669
696,7074,-4597,1563
697,6798,-4798,1985
698,7051,-4586,1673
699,7044,-4563,1628
700,7112,-4490,1711
701,7269,-4315,1418
702,7224,-4315,1638
703,7362,-4132,1734
704,7300,-4211,1587
705,7362,-4132,1734
706,7389,-4032,2042
707,7332,-4037,2387
708,7415,-3958,2263
709,7465,-3970,2009
710,6895,-4588,1547
711,6810,-4655,1121
712,6709,-4709,1813
713,6576,-4883,1361
714,6671,-4836,775
715,6658,-4807,1507
716,6482,-4943,1392
717,6638,-4795,1391
718,6633,-4780,1753
719,6732,-4732,1365
720,6554,-4854,1613
721,6732,-4732,1365
722,6790,-4641,1678
723,6679,-4679,1883
724,6778,-4622,1274
725,6879,-4436,1890
726,6665,-4665,1752
727,6773,-4481,2020
728,6873,-4418,1790
729,6747,-4456,2007
730,7000,874,-3727
731,6749,-4325,2285
732,6827,-4240,2074
733,6695,-4274,2270
734,6884,-4158,2032
735,6914,-4076,2080
736,7131,-3775,1855
737,7107,-3756,2021
738,7092,-3659,2222
739,7050,-3712,2179
740,6912,-3766,2367
741,7064,-3610,2128
742,7153,-3542,1946
743,7045,-3628,1996
744,7132,-3448,1995
745,7092,-3495,1934
746,7178,-3310,1934
747,6952,-3509,2245
748,7096,-3318,2080
749,6997,-3380,2197
750,6875,-3556,2119
751,7049,-3183,2339
752,7224,-3052,1804
753,7016,-3159,2173
754,7080,-3073,2058
755,7215,-2851,2024
756,7024,-2943,2307
757,7196,-2753,2003
758,7243,-2701,1433
759,7459,-2191,1769
760,7216,-2513,1680
761,7191,-2513,1814
762,7077,-2700,1570
763,7142,-2441,2022
764,7098,-2468,1929
765,7140,-2401,1547
766,6997,-2453,1987
767,7075,-2476,1330
768,7001,-2413,1913
769,6871,-2522,2082
770,7026,-2290,1790
771,7069,-2288,1490
772,7020,-2340,1582
773,6933,-2352,1742
774,6879,-2322,2021
775,6943,-2240,2062
776,7036,-2172,1521
777,6938,-2122,2232
778,6953,-2175,1548
779,6915,-2133,1901
780,7095,-1731,1771
781,6999,-1977,1558
782,6964,-1891,1819
783,6954,-1886,1668
784,7039,-1751,1471
785,6989,-1722,1671
786,6978,-1599,1700
787,7036,-1568,1477
788,6962,-1537,1950
789,7040,-1446,1291
790,6992,-1374,1474
791,6880,-1610,1548
792,6887,-1444,1792
793,6913,-1455,1648
794,6828,-1475,1963
795,6856,-1430,1832
796,6903,-1286,1698
797,6895,-1143,1918
798,6892,-1154,1958
799,6755,-1284,2372
800,6915,-1209,1720
801,6875,-1045,2119
802,6883,-1128,1777
803,6937,-898,1652
804,6872,-924,2154
805,6947,-772,1851
806,6803,-901,2277
807,6758,-1035,2273
808,6768,-887,2268
809,6877,-792,1874
810,6822,-709,2122
811,6777,-719,2232
812,6736,-634,2409
813,6741,-708,2355
814,6814,-520,2032
815,6712,-608,2263
816,6637,-684,2343
817,6807,-277,2059
818,6746,-417,2199
819,6677,-530,2319
820,6516,-647,2683
821,6560,-563,2478
822,6630,-488,2242
823,6559,-432,2585
824,6652,-195,2472
825,6698,-329,2118
826,6724,-238,2027
827,6691,-231,2150
828,6676,-105,2144
829,6688,-132,2176
830,6622,-281,2199
831,6710,-112,2029
832,6704,-15,2055
833,6718,-166,1865
834,6692,79,2086
835,6664,12,2146
836,6583,-272,2314
837,6705,28,1910
838,6669,63,2111
839,6648,-50,2104
840,6575,-107,2279
841,6642,-149,1857
842,6611,-115,2163
843,6600,-18,2069
844,6644,-50,1978
845,6631,-1,2046
846,6556,14,2151
847,6636,-50,1878
848,6568,-81,2126
849,6605,-43,2002
850,6494,-66,2349
851,6574,-109,2159
852,6620,24,2016
853,6503,-159,2205
854,6573,-105,2036
855,6579,30,2012
856,6543,-124,2057
857,6525,-53,2185
858,6571,-138,1971
859,6639,105,1908
860,6525,-53,2185
861,6648,52,1739
862,6604,184,1957
863,6648,52,1739
864,6542,-123,2044
865,6594,-174,1855
866,6611,-117,1875
867,6520,1730,173
868,6469,-152,2318
869,6524,-48,2206
870,6598,-14,1946
871,6585,8,1920
872,6563,-35,1863
873,6538,-27,1960
874,6528,-71,2119
875,6474,-130,2203
876,6518,20,2149
877,6579,30,2012
878,6528,-71,2119
879,6545,-30,2079
880,6530,64,2106
881,6571,36,1895
882,6640,-78,1612
883,6598,52,1876
884,6588,74,1968
885,6558,79,2080
886,6598,52,1876
887,6598,31,1775
888,6576,-103,1906
889,6552,149,2022
890,6528,-71,2119
891,6528,-71,2119
892,6469,-245,2289
893,6528,-71,2119
894,6566,-18,1978
895,6524,-48,2206
896,6614,17,1761
897,6528,-71,2119
898,6506,-253,2180
899,6582,-132,1947
900,6582,81,1850
901,6580,100,2067
902,6573,-105,2036
903,6498,-65,2234
904,6579,30,2012
905,6498,-65,2234
906,6496,-130,2172
907,6533,-96,2026
908,6528,-71,2119
909,6598,-14,1946
910,6560,-77,2005
911,6598,-14,1946
912,6554,13,2035
913,6498,-65,2234
914,6537,-166,2094
915,1404,5287,-3441
916,6593,-138,1752
917,6598,-14,1946
918,6524,-48,2206
919,6560,-77,2005
920,6545,-211,1906
921,6498,-65,2234
922,6506,-253,2180
923,6587,-11,1963
924,6550,100,2279
925,6525,-53,2185
926,6525,-53,2185
927,6623,60,1839
928,6574,-104,1847
929,6525,-53,2185
930,6594,90,1914
931,6525,-53,2185
932,6563,-195,2055
933,6571,-138,1971
934,6559,-9,1940
935,6498,-65,2234
936,6503,-159,2205
937,6528,-71,2119
938,6503,-159,2205
939,6582,-132,1947
940,6554,-53,1979
941,6528,-71,2119
942,6518,20,2149
943,6503,-159,2205
944,6585,8,1920
945,6496,-130,2172
946,6528,-71,2119
947,6554,13,2035
948,6541,-118,1935
949,6518,20,2149
950,6498,-65,2234
951,6528,-71,2119
952,6528,-71,2119
953,6585,8,1920
954,6498,-65,2234
955,6498,-65,2234
956,6549,35,2124
957,6569,122,2038
958,6505,-185,2115
959,6599,9,1757
960,6589,79,1975
961,6585,8,1920
962,6541,-118,1935
963,6262,2156,-301
964,6554,13,2035
965,6435,-234,2281
966,6558,-54,2096
967,6650,-79,1612
968,6600,-161,1664
969,6589,-115,1932
970,6561,-201,2017
971,6559,-197,1897
972,6589,-115,1932
973,6600,-99,1787
974,6561,-215,1820
975,6613,37,1901
976,6624,-109,1696
977,6553,-142,1990
978,6586,-107,1833
979,6553,-142,1990
980,6604,4,1844
981,6617,-18,1869
982,6551,-76,2049
983,6551,-76,2049
984,6551,-76,2049
985,6603,25,1939
986,6598,-203,1798
987,6639,-32,1619
988,6576,-15,1870
989,6595,-71,1823
990,6558,-98,2064
991,6553,29,2103
992,6525,-53,2185
993,6564,-290,1880
994,6616,-29,1681
995,6570,-155,2046
997,6594,-25,1814
998,6579,24,1990
999,6556,-67,2080
1000,6622,197,1899
1001,6574,106,2144
1002,6612,80,1938
1003,6492,-77,2218
1004,6594,-101,1994
1005,6579,17,1997
1006,6625,56,1796
1007,6601,-154,1851
1008,6636,-38,1780
1009,6581,86,2053
1010,6518,20,2149
1011,6524,-48,2206
1012,6585,8,1920
1013,6518,20,2149
1014,6435,-234,2281
1015,6520,-46,2090
1016,6498,-65,2234
1017,6549,35,2124
1018,6541,-118,1935
1019,6593,-138,1752
1020,6554,-53,1979
1021,6566,-8,2062
1022,6533,-96,2026
1023,6604,29,1774
1024,6524,-48,2206
1025,6557,-89,1931
1026,6528,-71,2119
1027,6560,-77,2005
1028,6528,-71,2119
1029,6528,-71,2119
1030,6580,100,2067
1031,6554,13,2035
1032,6560,-77,2005
1033,6559,-9,1940
1034,6554,13,2035
1035,6616,74,1857
1036,6566,-18,1978
1037,6520,-46,2090
1038,6469,-152,2318
1039,6582,-197,1855
1040,6545,-211,1906
1041,6554,13,2035
1042,6496,-130,2172
1043,6588,48,1884
1044,6516,82,2213
1045,6533,-103,2033
1046,6581,71,1982
1047,6560,-17,2069
1048,6615,140,1919
1049,6534,-106,2158
1050,6502,-125,2183
1053,6592,-22,1953
1054,6557,-99,1944
1055,6598,-113,1751
1056,6543,-95,2002
1057,6542,-123,2044
1058,6623,60,1839
1059,6606,-23,1908
1060,6557,-199,1932
1061,6553,29,2103
1062,6497,-71,2212
1063,6497,-71,2212
1064,6497,-71,2212
1065,6469,-152,2318
1066,6556,84,2093
1067,6592,58,1876
1068,6594,7,2039
1069,6522,20,2264
1070,6587,98,2188
1071,6654,162,2015
1072,6654,162,2015
1073,6609,187,2220
1074,6653,161,2138
1075,6653,161,2138
1076,6634,261,2238
1077,6678,235,2157
1078,6694,343,2160
1079,6711,236,1875
1080,6747,498,1912
1081,6753,486,1806
1082,6676,435,2186
1083,6642,243,2147
1084,6696,409,2120
1085,6691,408,1997
1086,6696,409,2120
1087,6669,317,2006
1088,6596,278,2250
1089,6580,247,2182
1090,6561,283,2241
1091,6566,267,2151
1092,6599,457,2190
1093,6582,618,2059
1094,6553,539,2120
1095,6539,452,2205
1096,6559,424,2145
1097,6451,372,2251
1098,6501,503,2065
1099,6446,416,2146
1100,6391,512,2284
1101,6367,538,2335
1102,6331,540,2331
1103,6265,535,2459
1104,6239,793,2205
1105,6257,709,2065
1106,6159,640,2324
1107,6171,791,2109
1108,6120,823,2146
1109,6067,744,2303
1110,6082,960,2221
1111,6049,961,2025
1112,6049,961,2025
1113,5999,1041,2072
1114,5994,1041,1961
1115,5889,1116,2269
1116,5866,1039,2314
1117,5835,1039,2282
1118,5809,1039,2211
1119,5776,1186,2134
1120,5759,1117,2094
1121,5678,963,2281
1122,5749,1435,1802
1123,5676,1188,1988
1124,5589,1231,2022
1125,5586,1223,1835
1126,5542,1484,1619
1127,5467,1440,1703
1128,5420,1514,1836
1129,5406,1409,1727
1130,5296,1511,1911
1131,5285,1601,1861
1132,5264,1627,1799
1133,5233,1703,1744
1134,5198,1724,1654
1135,5107,1742,1678
1136,5088,1567,1849
1137,5061,1512,1782
1138,5014,1498,1779
1139,4986,1503,1787
1140,4935,1633,1769
1141,4915,1478,1752
1142,4809,1552,1754
1143,4811,1500,1803
1144,4773,1480,1672
1145,4743,1529,1678
1146,4673,1661,1675
1147,4642,1588,1736
1148,4603,1597,1723
1149,4574,1598,1709
1150,4483,1718,1798
1151,4468,2300,1592
1152,4320,2414,1798
1153,4277,2365,1806
1154,4165,2413,1845
1155,4132,2400,1670
1156,4136,1777,1629
1157,4105,1631,1583
1158,4069,1590,1564
1159,4023,1602,1654
1160,3951,1765,1715
1161,3953,1919,1603
1162,3904,1912,1657
1163,3838,2042,1556
1164,3773,1971,1755
1165,3817,1964,1619
1166,3718,1995,1697
1167,3647,2187,1599
1168,3571,2274,1639
1169,3582,2199,1676
1170,3506,2194,1692
1171,3482,2302,1603
1172,3450,2112,1731
1173,3382,2190,1597
1174,3344,2250,1581
1175,3335,2146,1618
1176,3234,2190,1713
1177,3172,2226,1671
1178,3189,2158,1660
1179,3149,2118,1607
1180,3095,2045,1659
1181,3013,2080,1643
1182,3002,2065,1666
1183,2977,2116,1626
1184,2931,2041,1577
1185,2950,2063,1488
1186,2914,2056,1517
1187,2875,2089,1552
1188,2849,1968,1615
1189,2815,2001,1601
1190,2695,2076,1558
1191,2669,2089,1523
1192,2676,2057,1581
1193,2632,1994,1635
1194,2622,2009,1558
1195,2577,2062,1501
1196,2501,1993,1548
1197,2477,2016,1552
1198,2426,1982,1576
1199,2452,1902,1645
1200,2431,1869,1616
1201,2356,1901,1578
1202,2339,1985,1513
1203,2319,1924,1588
1204,2220,2006,1562
1205,2228,1943,1544
1206,2233,1897,1532
1207,2174,1941,1510
1208,2168,1976,1486
1209,2129,1909,1518
1210,2110,1927,1556
1211,2126,1908,1563
1212,2108,1896,1526
1213,2092,1884,1521
1214,2081,1936,1516
1215,2012,1848,1520
1216,2018,1857,1557
1217,2040,1899,1564
1218,1968,1874,1446
1219,1979,1882,1498
1220,1993,1810,1545
1221,1931,1851,1480
1222,1976,1791,1550
1223,1949,1806,1582
1224,1956,1778,1579
1225,1919,1779,1610
1226,1964,1679,1650
1227,1931,1784,1469
1228,1863,1788,1468
1229,1905,1770,1537
1230,1918,1804,1513
1231,1904,1816,1445
1232,1865,1853,1402
1233,1867,1863,1439
1234,1860,1862,1387
1235,1865,1868,1417
1236,1865,1853,1402
1237,1908,1798,1385
1238,1912,1788,1442
1239,1865,1787,1393
1240,1943,1772,1462
1241,1834,1855,1429
1242,1846,1818,1393
1243,1871,1786,1373
1244,1846,1773,1407
1245,1873,1819,1425
1246,1861,1804,1387
1247,1865,1839,1394
1248,1887,1829,1387
1249,1871,1786,1373
1250,1824,1823,1355
1251,1831,1801,1377
1252,1802,1828,1392
1253,1806,1811,1385
1254,1827,1828,1430
1255,1792,1791,1381
1256,1819,1773,1394
1257,1819,1773,1394
1258,1831,1801,1377
1259,1877,1767,1396
1260,1914,1283,1993
1261,1884,1786,1419
1262,1824,1810,1429
1263,1822,1822,1426
1264,1852,1752,1491
1265,1867,1761,1498
1266,1852,1752,1491
1267,1885,1805,1433
1268,1841,1779,1491
1269,1852,1752,1491
1270,1822,1822,1426
1271,1840,1816,1420
1272,1858,1782,1465
1273,1826,1766,1450
1274,1838,1803,1463
1275,1805,1817,1371
1276,1834,1786,1445
1277,1884,1783,1418
1278,1847,1819,1426
1279,1835,1781,1413
1280,1816,1787,1416
1281,1859,1792,1425
1282,1795,1835,1384
1283,1823,1825,1374
1284,1845,1796,1395
1285,1840,1805,1382
1286,1850,1807,1433
1287,1850,1807,1433
1288,1858,1757,1385
1289,1805,1797,1390
1290,1805,1797,1390
1291,1811,1832,1397
1292,1851,1793,1422
1293,1788,1855,1389
1294,1817,1779,1421
1295,1892,1819,1401
1296,1821,1840,1391
1297,1865,1771,1424
1298,1861,1804,1387
1299,1898,1768,1380
1300,1914,1776,1386
1301,1887,1792,1378
1302,1887,1792,1378
1303,1881,1782,1390
1304,1872,1777,1384
1305,1844,1795,1376
1306,1895,1766,1374
1307,1800,1806,1376
1308,1836,1764,1345
1309,1896,1757,1388
1310,1830,1833,1380
1311,1845,1796,1395
1312,1838,1791,1394
1313,1843,1795,1397
1314,1809,1780,1378
1315,1834,1822,1398
1316,1838,1791,1394
1317,1806,1811,1410
1318,1846,1799,1427
1319,1827,1789,1417
1320,1845,1809,1414
1321,1845,1809,1414
1322,1846,1748,1405
1323,1831,1803,1413
1324,1806,1811,1410
1325,1839,1782,1445
1326,1810,1847,1417
1327,1851,1822,1381
1328,1845,1796,1395
1329,1826,1798,1372
1330,1858,1757,1385
1331,1859,1821,1396
1332,1840,1805,1382
1333,1828,1778,1400
1334,1840,1805,1382
1335,1820,1803,1398
1336,1865,1806,1408
1337,1826,1818,1395
1338,1805,1797,1390
1339,1827,1894,1413
1340,1819,1856,1404
1341,1832,1874,1403
1342,1863,1858,1415
1343,1853,1887,1411
1344,1859,1867,1401
1345,1836,1878,1400
1346,1839,1857,1387
1347,1836,1878,1400
1348,1839,1814,1396
1349,1858,1872,1407
1350,1845,1796,1395
1351,1877,1779,1463
1352,1860,1772,1455
1353,1853,1739,1501
1354,1857,1802,1515
1355,1831,1818,1554
1356,1864,1788,1582
1357,1914,1769,1617
1358,1898,1819,1588
1359,1918,1830,1594
1360,1915,1836,1628
1361,1922,1840,1654
1362,1941,1847,1636
1363,1931,1870,1603
1364,1860,1984,1525
1365,2012,1660,1910
1366,1981,1728,1953
1367,1985,1959,1656
1368,1958,1953,1641
1369,1963,2012,1570
1370,1973,1979,1572
1371,2015,1994,1611
1372,2049,1985,1614
1373,2040,2061,1615
1374,2100,2059,1636
1375,2136,2081,1652
1376,2274,1724,2111
1377,2205,2071,1687
1378,2269,2057,1643
1379,2249,2060,1746
1380,2321,2097,1701
1381,2332,2157,1702
1382,2287,2192,1657
1383,2338,2211,1667
1384,2364,2218,1695
1385,2414,2244,1716
1386,2433,2280,1669
1387,2466,2329,1650
1388,2532,2322,1647
1389,2538,2295,1720
1390,2532,2391,1704
1391,2591,2420,1697
1392,2567,2453,1678
1393,2645,2466,1641
1394,2686,2496,1665
1395,2686,2513,1696
1396,2705,2593,1628
1397,2768,2500,1706
1398,2740,2601,1718
1399,2976,2167,2263
1400,2814,2645,1626
1401,2899,2617,1627
1402,2904,2660,1698
1403,2905,2718,1678
1404,2952,2697,1709
1405,2934,2780,1687
1406,2950,2862,1679
1407,3046,2794,1718
1408,3062,2849,1722
1409,3061,2876,1699
1410,3107,2831,1804
1411,3068,3047,1661
1412,3104,3002,1720
1413,3149,3097,1589
1414,3141,3120,1705
1415,3123,3266,1579
1416,3067,3352,1514
1417,3217,3288,1522
1418,3168,3395,1512
1419,3222,3365,1639
1420,3285,3395,1623
1421,3303,3471,1498
1422,3414,3437,1682
1423,3518,3447,1675
1424,3514,3481,1617
1425,3638,3515,1711
1426,3624,3516,1680
1427,3605,3643,1643
1428,3708,3574,1762
1429,3680,3687,1708
1430,3749,3660,1778
1431,3764,3677,1902
1432,3827,3687,1824
1433,3853,3721,1821
1434,3684,3963,1498
1435,3706,3966,1573
1436,3592,4172,1293
1437,3656,4198,1261
1438,3728,4193,1329
1439,3717,4254,1419
1440,3935,4127,1485
1441,4041,4059,1601
1442,4050,4134,1440
1443,4129,4123,1777
1444,4260,4159,1702
1445,4350,4124,1795
1446,4353,4327,1838
1447,4480,4219,1883
1448,4357,4363,1741
1449,4539,4214,1806
1450,4416,4420,1669
1451,4695,4062,2096
1452,4529,4413,1807
1453,4528,4457,1690
1454,4518,4586,1567
1455,4036,5103,1071
1456,3808,5398,851
1457,3487,5591,472
1458,3866,5429,807
1459,3632,5661,575
1460,3939,5496,654
1461,4030,5488,853
1462,4092,5512,808
1463,3960,5705,537
1464,4270,5525,758
1465,4308,5604,904
1466,4225,5693,752
1467,4371,5691,844
1468,4309,5807,717
1469,4322,5830,933
1470,4476,5801,1009
1471,4608,5766,729
1472,4830,5597,1341
1473,5075,5457,1363
1474,5672,4676,2139
1475,5835,4429,2436
1476,5890,4553,2130
1477,5884,4660,2128
1478,6097,4267,2393
1479,6030,4534,2274
1480,6058,4554,2283
1481,5901,4952,1956
1482,4820,6280,605
1483,5498,5809,1360
1484,5228,6127,1054
1485,5322,6145,885
1486,5463,6026,1272
1487,5297,6349,1032
1488,5443,6262,1131
1489,5466,6294,1124
1490,5722,6080,943
1491,5660,6201,1041
1492,5806,6199,1048
1493,5508,6460,1394
1494,5760,6342,1234
1495,5507,6559,922
1496,5700,6476,1196
1497,5617,6586,1024
1498,5313,6920,822
1499,5453,6882,987
1500,5230,7075,697
1501,5079,7229,395
1502,5141,7206,353
1503,5348,7140,435
1504,3711,7971,-643
1505,6449,6191,1780
1506,5739,7026,859
1507,4093,8004,-640
1508,4452,7942,-345
1509,4221,8043,-584
1510,5413,7476,231
1511,4077,8230,-618
1512,4077,8230,-618
1513,7328,5454,2632
1514,7354,5473,2637
1515,7478,5596,2115
1516,7632,5382,2482
1517,5407,7991,72
1518,7484,5778,2661
1519,7531,5693,2650
1520,7571,5858,2509
1521,7663,5669,2788
1522,7098,6756,1760
1523,7456,6302,2243
1524,6705,7419,1167
1525,7286,6782,2075
1526,6964,7206,2039
1527,7074,7192,2185
1528,6938,7381,1708
1529,7324,6972,2339
1530,7641,6615,2502
1531,7951,6021,3088
1532,7880,6253,2948
1533,8101,5860,3234
1534,8079,6118,2949
1535,7630,7022,1942
1536,7092,7732,1362
1537,7439,7450,2119
1538,7862,6905,2744
1539,7052,7947,1602
1540,6987,8106,1409
1541,7108,8019,1762
1542,7524,7698,1962
1543,7078,8196,1494
1544,7070,8275,1285
1545,7286,8080,1655
1546,7098,8259,1388
1547,7059,8365,1399
1548,7250,8360,1135
1549,7439,8206,1477
1550,7266,8394,1121
1551,6787,8835,456
1552,7335,8488,1110
1553,7614,8272,1793
1554,7601,8341,1664
1555,7883,8075,2020
1556,7531,8489,1118
1557,7622,8450,1445
1558,7212,8867,1209
1559,7025,9062,1125
1560,6882,9159,912
1561,7411,8866,1693
1562,7776,8563,2104
1563,6441,9642,443
1564,6916,9364,833
1565,8069,8423,2066
1566,8077,8369,2442
1567,8262,8241,2431
1568,8558,7961,2617
1569,8265,8368,2447
1570,7413,9394,1042
1571,6827,9805,440
1572,5924,10294,-283
1573,3410,10839,-2465
1574,4699,10768,-1504
1575,7585,9399,985
1576,4739,10958,-1080
1577,7182,9847,753
1578,5746,10362,-1699
1579,8913,8261,2412
1580,8517,8837,2029
1581,8993,8283,2617
1582,9021,8302,2627
1583,9538,7379,3656
1584,9185,8265,2629
1585,9587,7577,3341
1586,7841,9775,1336
1587,8609,9148,2215
1588,6347,10517,-1474
1589,8666,9141,2240
1590,8725,9141,2449
1591,8686,9274,2456
1592,8700,9191,2736
1593,8905,8996,2939
1594,8884,9157,2561
1595,8635,9580,2392
1596,9024,9193,2775
1597,9136,9101,3141
1598,9376,8828,3145
1599,9145,9039,3331
1600,9312,8944,3143
1601,8975,9389,2955
1602,8822,9712,2561
1603,9484,8848,3829
1604,9489,8998,3629
1605,9312,9246,3459
1606,8236,10494,1383
1607,9590,8925,4012
1608,9019,9801,2661
1609,9385,9383,3481
1610,8810,10103,2598
1611,9410,9591,2899
1612,9170,9821,3033
1613,9503,9418,3454
1614,9589,9521,2807
1615,9492,9678,2749
1616,9395,9935,2372
1617,9026,10398,1498
1618,9627,9771,2961
1619,9909,9431,3159
1620,9726,9777,3163
1621,7718,11403,-237
1622,9764,9841,2752
1623,9704,10046,2777
1624,9127,10625,2293
1625,8786,10938,994
1626,8204,11379,479
1627,8307,11324,209
1628,8240,11438,6
1629,7979,11650,-6
1630,8144,11476,-310
1631,7896,11725,-330
1632,8613,11404,442
1633,7930,11773,-571
1634,8361,11598,88
1635,7663,11985,-578
1636,8397,11660,51
1637,8505,11603,3
1638,8357,11781,204
1639,8649,11646,65
1640,8282,11893,-11
1641,7921,12184,-219
1642,8622,11832,78
1643,8776,11764,684
1644,8817,11827,674
1645,8627,12012,475
1646,8302,12160,-265
1647,7760,12540,-461
1648,8215,12388,104
1649,7711,12719,-48
1650,8366,12401,51
1651,8599,12354,1107
1652,8371,12468,146
1653,7744,12829,-486
1654,9332,11939,1422
1655,8354,12659,311
1656,7722,13056,-223
1657,9207,12248,1195
1658,9753,11882,1513
1659,9240,12298,1438
1660,9287,12291,1378
1661,9607,12058,1976
1662,9496,12189,1657
1663,9580,12153,1764
1664,9582,12165,2013
1665,9242,12478,1454
1666,9475,12400,1736
1667,9561,12364,1514
1668,9700,12316,2014
1669,9033,12848,475
1670,8732,13090,458
1671,9265,12758,503
1672,9195,12850,432
1673,9546,12668,1251
1674,9009,13064,750
1675,8686,13266,-48
1676,9442,12789,721
1677,10413,12015,2125
1678,9567,12792,247
1679,9294,13077,756
1680,9766,12714,989
1681,10201,12401,1514
1682,10181,12514,1815
1683,9624,13038,1276
1684,8358,13818,-312
1685,7795,14138,-477
1686,12020,10614,3162
1687,12734,9316,4368
1688,12669,9476,4142
1689,12824,9341,4162
1690,12566,9829,3948
1691,12922,9177,4472
1692,13080,9040,4489
1693,12876,9584,4002
1694,6015,13736,-5157
1695,12647,10102,4072
1696,12916,9865,3756
1697,12838,9809,4259
1698,13078,9502,4539
1699,13065,9701,4055
1700,12735,10247,4014
1701,12869,9877,4760
1702,12697,10662,3065
1703,13335,9707,3840
1704,12531,11038,3082
1705,12738,10711,3329
1706,12661,10900,3341
1707,12786,10750,3591
1708,12582,11067,3607
1709,12338,11639,2543
1710,11910,12132,1953
1711,12349,11728,2225
1712,11752,12368,1916
1713,11751,12385,2202
1714,12109,12070,1944
1715,12230,11880,2523
1716,11692,12513,2517
1717,11989,12223,2240
1718,12942,10893,3920
1719,12545,11599,2810
1720,12416,11706,3616
1721,12691,11465,3099
1722,12757,11234,4124
1723,11205,13070,1285
1724,11775,12527,2255
1725,11250,13004,1634
1726,11238,12988,1340
1727,11897,12400,2527
1728,12945,10673,5037
1729,12988,10718,5001
1730,9576,14141,-700
1731,9008,14320,-1722
1732,8056,14739,-2439
1733,7353,14995,-2764
1734,7224,14988,-2967
1735,8247,14854,-1234
1736,9056,14497,-954
1737,9597,14215,-369
1738,10775,13440,1284
1739,10225,13798,-2
1740,10435,13636,181
1741,10543,13616,585
1742,10710,13514,1239
1743,9515,14328,-469
1744,9089,14552,-803
1745,7939,15024,-1804
1746,8580,14768,-1546
1747,7874,14959,-2307
1748,8008,14946,-2086
1749,7045,15375,-2163
1750,8443,15059,-671
1751,11238,13268,2792
1752,11932,12378,4673
1753,12283,11846,5154
1754,12939,10922,5574
1755,12928,10920,5626
1756,12975,10717,6073
1757,12775,10762,6529
1758,12975,11169,5354
1759,12719,11223,5727
1760,13395,10085,6567
1761,13283,10244,6532
1762,13239,9738,7457
1763,13287,10191,6883
1764,12435,11579,6216
1765,11103,13418,4287
1766,12082,12062,6003
1767,12227,12158,5463
1768,11465,13386,3657
1769,10604,14219,2761
1770,9217,15190,558
1771,11551,13385,3645
1772,11929,12852,4450
1773,10585,14284,3049
1774,7724,15889,-843
1775,10313,14620,2467
1776,10452,14548,2476
1777,11435,13515,4442
1778,8071,15896,-515
1779,8273,15888,362
1780,10710,14387,3307
1781,4885,16466,-3795
1782,3558,16557,-4573
1783,8808,15697,568
1784,6521,16447,-2201
1785,8437,15900,96
1786,7816,16239,-163
1787,8003,16224,292
1788,7687,16367,-93
1789,7156,16595,-388
1790,10101,14971,3983
1791,6345,16751,-1717
1792,6688,16694,-1019
1793,6135,16872,-1505
1794,9116,15877,2111
1795,7066,16761,295
1796,10464,14946,4169
1797,10563,14830,4189
1798,9934,15361,3860
1799,9652,15671,3569
1800,9092,16083,3244
1801,9177,16122,2841
1802,8763,16401,2531
1803,3675,17624,-3596
1804,4795,17855,-1080
1805,4425,17766,-2322
1806,3387,18352,548
1807,9890,15686,4053
1808,9827,15853,3474
1809,9467,16082,3432
1810,9524,16164,3166
1811,10014,15715,3871
1812,9377,16235,2992
1813,9043,16546,2681
1814,9257,16348,3266
1815,9601,16102,3585
1816,8799,16723,2659
1817,8766,16634,3531
1818,9153,16480,3279
1819,8795,16720,3237
1820,9051,16563,3262
1821,10367,15473,4811
1822,10139,15641,4602
1823,10511,15477,4565
1824,10070,15862,4221
1825,3774,17973,-3687
1826,10028,15860,4776
1827,11091,15036,5176
1828,11022,14966,5745
1829,9999,15783,5162
1830,9654,16396,3840
1831,9629,16357,3890
1832,8911,16923,3201
1833,9453,16565,3841
1834,9826,16316,4191
1835,9161,16875,2904
1836,8863,17054,3192
1837,8097,17453,2521
1838,7348,17860,1827
1839,8559,17280,2851
1840,7529,17744,2771
1841,7361,17922,1496
1842,7760,17751,2487
1843,7759,17717,2806
1844,8265,17516,2642
1845,8793,17287,3012
1846,7518,17977,1658
1847,-5557,18170,-643
1848,-3089,18765,-1773
1849,-7008,17337,-2471
1850,1969,18470,-4656
1853,2443,18400,-4880
1854,-5749,18076,-2287
1855,-5456,17891,-3690
1856,-5537,18327,-2175
1857,-5881,18088,-2752
1858,-4015,18725,-2776
1859,8450,18065,2236
1860,-6866,12194,-10948
1861,-5670,18321,-2877
1862,8176,18262,2507
1863,-6973,18271,-585
1864,6565,18974,1884
1865,10810,15978,-5969
1866,7033,18871,386
1867,7058,18943,702
1868,8255,18429,2983
1869,7741,18741,1859
1870,-6098,18664,-1922
1871,-8394,17419,-3224
1872,6919,19086,2431
1873,3602,19488,-3326
1875,-13245,13525,-4223
1876,-13676,12230,-5778
1877,5984,19632,-237
1878,5057,19885,-59
1879,5060,19901,270
1880,-6294,18906,-2364
1881,4650,19985,-726
1882,-6900,18630,-2886
1883,-6452,19005,-2242
1884,-6527,18833,-2996
1885,-6412,19245,-1488
1886,-6133,19193,-2576
1887,7648,19248,3901
1888,-5766,19077,-3758
1889,-6314,19474,-1652
1890,-6713,19281,-1798
1891,2369,19502,-5882
1892,6388,20050,1098
1893,6845,19989,1110
1894,5880,20234,-265
1895,5258,20452,985
1896,6520,20143,1796
1897,-6547,19311,-2812
1898,-6658,19603,-1186
1899,-7524,19349,-153
1900,-6926,19194,-3194
1901,-6519,19538,-2435
1903,2034,20780,-2630
1904,5677,20612,667
1905,-8409,19159,-365
1906,6592,20454,2494
1907,-79,20469,-4851
1908,-6745,20038,77
1909,1893,19410,-7469
1910,6253,20642,2113
1911,-7209,19753,-1629
1912,-10515,17822,-2968
1913,-6452,20205,-1154
1914,-9414,18805,-1683
1915,-7556,19861,-288
1916,1858,20998,-3803
1917,2023,20814,-4509
1919,6270,20942,946
1920,6565,20865,2489
1921,5706,21095,1917
1922,6319,20943,2346
1923,6565,20870,3070
1924,6940,20670,3862
1925,7717,20455,3908
1926,6109,21125,2640
1927,814,19304,-8882
1928,6618,21025,2693
1929,5722,21327,2601
1930,-11074,17959,-2862
1931,5667,21417,1825
1932,4881,21564,-51
1933,4027,21802,1019
1934,792,21327,-4316
1935,-17892,4901,-5489
1936,4278,21881,847
1937,220,20806,-6303
1938,3864,21962,410
1939,3812,21944,57
1940,4619,21849,1261
1941,3362,22027,-334
1942,3380,22077,48
1943,3985,22060,783
1944,-17938,5653,-5611
1947,-16885,9758,-4851
1948,-8081,20395,-1614
1949,5170,21937,2518
1950,1164,21569,-5075
1951,4221,22223,2021
1952,5690,21994,1665
1953,5428,22009,2818
1954,5684,21971,2800
1955,4489,22301,1180
1956,6995,17825,-11767
1957,4490,22307,791
1958,4015,22335,385
1959,4951,22178,1203
1960,-13197,11462,-10519
1961,-15445,11066,-7447
1962,4221,22359,2581
1963,-17750,8050,-5478
1964,4683,22369,2234
1965,4609,22404,2206
1966,5215,22047,4349
1967,4188,22454,2571
1968,-10010,15907,-9687
1969,5043,22379,3030
1970,4801,22311,3922
1971,5683,22158,3981
1972,-19029,6119,-3972
1973,-19218,3790,-4839
1974,4920,22468,3585
1975,-16019,10616,-7708
1976,5217,22484,3114
1977,3790,22794,2941
1978,3411,22886,2550
1979,3789,22786,3345
1980,4276,22650,3825
1981,2497,23062,1235
1982,2933,23047,1260
1983,2900,23064,2066
1984,5339,22331,5292
1985,-1208,22860,-2466
1986,3924,22919,3063
1987,3462,23112,2609
1988,2539,23249,1714
1989,4490,22831,4016
1990,4057,22975,3692
1991,3901,23150,2359
1992,-1760,23133,-1489
1994,2192,23398,2140
1995,3045,23405,1769
1996,2692,23455,2201
1997,3536,23299,3040
1998,4391,23135,3911
1999,-19280,7800,-4252
2000,3499,23404,3010
2001,2583,23601,1663
2002,3047,23477,2989
2003,-19022,8837,-3928
2004,2102,23649,2032
2005,3501,23416,3861
2006,3922,23548,2595
2007,2182,23737,1293
2008,3015,23660,2115
2009,3375,23601,2105
2010,4899,23124,4827
2011,5438,23004,5362
2012,4393,23262,4748
2013,3982,23598,3052
2014,-11266,20545,604
2015,3090,23633,3896
2016,3610,23633,3980
2017,3431,23741,3369
2018,3404,23806,3337
2019,1622,24038,1130
2020,2637,23959,2564
2021,2511,24021,2436
2022,2569,24052,2488
2023,1636,24113,1985
2024,2582,24042,2935
2025,2110,24100,2464
2026,2975,24109,2070
2027,1168,24183,1511
2028,2131,24102,3365
2029,2202,24144,2976
2030,1380,24283,1307
2031,942,24284,478
2032,2353,24100,3993
2033,1846,24162,3846
2034,61,24349,1198
2035,940,24370,1683
2036,1883,24297,3094
2037,1390,24477,92
2038,512,24477,1231
2039,940,24496,1672
2040,2237,24472,3019
2041,2090,24556,2430
2042,2183,24249,4836
2043,1181,24588,2884
2044,3068,24338,4284
2045,-1124,24613,55
2046,-20967,5967,-4260
2047,-20692,7570,-3542
2048,-21174,4787,-4288
2049,1638,24674,3280
2050,370,24795,1140
2051,3214,24252,5770
2052,1302,24816,2074
2053,2801,24621,4075
2054,324,24717,3369
2055,2243,24712,3874
2056,1791,24602,4821
2057,-20532,8926,-3142
2058,1308,24858,3428
2059,1308,24858,3428
2060,229,24933,2741
2061,2127,24935,3341
2062,2631,24807,4310
2063,1649,25099,2869
2064,249,25171,1427
2065,-21729,5045,-3923
2066,-21591,5743,-4040
2067,-21775,5521,-3532
2068,-21787,4841,-4030
2069,-21880,3002,-4716
2070,-18601,11315,-7798
2071,-18231,12720,-6904
2072,-21878,4950,-4041
2073,-20612,10307,-3067
2074,-18827,10939,-7826
2075,3165,25005,5331
2076,-20969,9512,-2871
2077,-21656,7273,-3415
2078,-21216,9027,-2596
2079,-21055,9216,-3061
2080,-21743,7344,-2818
2081,-21426,8763,-2373
2082,-21872,6055,-3803
2083,-19132,11351,-7178
2084,-22162,4342,-4141
2085,-22342,3226,-4314
2086,-22197,4626,-4042
2087,-22285,4007,-4429
2088,-20587,-4336,-7965
2089,-21869,8684,-1612
2090,-22057,7490,-2499
2091,-21971,7561,-2960
2092,-22033,7477,-2731
2093,-21512,9649,-1791
2094,-21762,8417,-2941
2095,-22395,6084,-2805
2096,-22256,706,-5557
2097,-22142,6395,-3685
2098,-21062,10583,-2564
2099,-22081,7591,-2403
2100,-19489,12349,-5753
2101,-22646,4884,-2775
2102,-22416,5584,-3493
2103,-20414,11955,-2976
2104,-22679,4615,-3250
2105,-22605,4708,-3522
2106,-18538,14409,-5418
2107,-22538,5131,-3307
2108,-22379,5960,-3224
2109,-18968,12593,-6766
2110,-22387,4793,-4199
2111,-22408,2157,-5038
2112,-21663,-1490,-6917
2113,-22454,5350,-3507
2114,-22613,4979,-3111
2115,-22555,5061,-3215
2116,-22421,4388,-4294
2117,-19314,12886,-5401
2118,-19415,12671,-5439
2119,-19476,13064,-4524
2120,-22589,2822,-4138
2121,-21754,-1544,-6633
2122,-22386,5039,-4077
2123,-22519,5179,-3284
2124,-22538,5131,-3307
2126,-22651,4248,-3621
2127,-22459,5584,-3209
2128,473,25841,2945
2129,-22386,5146,-4079
2130,-22534,4912,-3395
2131,-22469,5213,-3590
2132,-22589,2822,-4138
2133,-22455,4105,-4324
2134,-22589,2822,-4138
2135,-21983,7744,-2790
2136,-22455,4105,-4324
2137,-22548,5406,-2969
2138,-20747,10892,-3706
2139,-22496,3496,-4307
2140,-22397,4799,-4319
2141,-22401,5371,-3862
2142,-22452,4565,-4057
2143,-22342,5822,-3627
2144,-19341,12692,-5653
2145,-20899,11014,-2543
2146,-22386,4557,-4610
2147,-22240,4278,-5011
2148,-22313,3985,-4860
2149,-21890,1884,-6631
2150,-22485,4369,-3901
2151,-22046,6971,-3606
2152,-22046,6971,-3606
2153,-18829,13647,-5448
2154,-22179,6525,-3478
2155,-22466,5088,-3636
2156,-19437,12831,-5095
2157,933,25729,4058
2158,-22387,4793,-4199
2159,-21663,-1267,-6991
2160,-20681,11165,-3467
2161,-22566,4260,-3868
2162,-22555,4210,-3891
2163,-20669,-4512,-7985
2164,-22548,5406,-2969
2165,-20637,10889,-4178
2166,-20669,-4512,-7985
2167,-22416,5584,-3493
2168,-20766,-4304,-7892
2169,-22446,4335,-4229
2170,-19804,12818,-3749
2171,-22431,5005,-3880
2172,-19010,13103,-5864
2173,-22431,5005,-3880
2174,-22422,4869,-4190
2175,-22548,4724,-3390
2176,-22430,5323,-3381
2177,-22555,4210,-3891
2178,-21720,-1482,-6739
2179,-22445,5291,-3604
2180,-22416,5584,-3493
2181,-22548,5406,-2969
2182,-22547,2707,-4355
2183,-22463,5117,-3754
2184,-22383,4032,-4626
2185,-22497,4819,-3773
2186,-22491,5289,-3531
2187,-19375,12970,-5039
2188,-22130,442,-5969
2189,-22353,4497,-4624
2190,-22402,4105,-4574
2191,-21754,-1544,-6633
2192,-21754,-1544,-6633
2193,-22397,4964,-4124
2194,-22488,4356,-4020
2195,-21241,10209,-2503
2196,-22488,4356,-4020
2197,-22571,5452,-2693
2198,-22546,4893,-3499
2199,-22471,4686,-3932
2200,-22603,4728,-3519
2201,-22648,5367,-2809
2202,884,25840,3438
2203,-22430,4216,-4498
2204,-22553,4128,-4006
2205,-21007,10067,-4045
2206,-20899,10525,-3723
2207,-20742,-4135,-8062
2208,-20647,-4258,-8200
2209,-22385,5158,-3961
2210,-22170,6911,-2969
2211,-22549,4408,-3815
2212,-20572,11459,-3358
2213,-20681,11165,-3467
2214,-21742,-1293,-6754
2215,-20442,11879,-3019
2216,-22489,2487,-4646
2217,-22421,3462,-4631
2218,-22490,4826,-3699
2219,-19375,12970,-5039
2220,1702,25626,4670
2221,-21863,3379,-6437
2222,-22346,4594,-4585
2223,-22395,5564,-3584
2224,-22402,4577,-4422
2225,-22470,4565,-4021
2226,-22397,4240,-4572
2227,-18990,11973,-7544
2228,-20638,-4327,-8175
2229,-22516,4878,-3601
2230,-20681,11165,-3467
2231,-22443,3085,-4668
2232,-22496,3496,-4307
2233,-22507,5172,-3475
2234,-22465,4284,-4168
2235,-22407,4678,-4242
2236,-22658,5421,-2450
2237,-21347,9974,-2257
2238,-22569,5233,-3029
2239,-22524,4631,-3782
2240,-22471,4686,-3932
2241,-22628,5015,-2877
2242,-983,25767,2666
2243,-19151,13512,-4749
2244,-19067,13823,-4396
2245,-22488,4356,-4020
2246,-22430,4613,-4238
2247,-21927,7916,-2896
2248,-22272,5207,-4434
2249,-22373,5130,-3942
2250,-20638,-4327,-8175
2251,768,25734,3760
2252,-20638,-4327,-8175
2253,-22373,5130,-3942
2254,-20638,-4327,-8175
2255,-19725,13028,-3590
2256,-22097,6673,-3620
2257,-19804,12818,-3749
2258,-22431,5005,-3880
2259,-22439,4636,-4208
2260,-18990,11973,-7544
2261,-18988,12096,-7368
2262,-22531,5084,-3320
2263,-22465,5512,-3303
2264,-22516,5455,-3111
2265,-22516,5455,-3111
2266,-22578,2119,-4354
2267,-20669,-4512,-7985
2268,-20681,11165,-3467
2269,-22245,6674,-2954
2270,2155,25562,5170
2271,-22562,5735,-2559
2272,-22418,2054,-5015
2273,-22566,4260,-3868
2274,-20442,11879,-3019
2275,-22431,5005,-3880
2276,-19186,13912,-3708
2277,-22383,4587,-4410
2278,-22431,5005,-3880
2279,-22468,4715,-4029
2280,-22383,4587,-4410
2281,-22426,5462,-3802
2282,-22468,4054,-4516
2283,-22454,5207,-3786
2284,-19003,13111,-5949
2285,-22444,4510,-4235
2286,-22337,5179,-4328
2287,213,25906,2100
2288,227,25892,1206
2289,-22345,4618,-4641
2290,-20747,10892,-3706
2291,-272,25866,1385
2292,-20669,-4512,-7985
2293,-22548,5406,-2969
2294,-22489,2487,-4646
2295,-302,25771,2798
2296,-20747,10892,-3706
2297,-22548,5406,-2969
2298,-20747,10892,-3706
2299,-22548,5406,-2969
2300,-20669,-4512,-7985
2301,-22287,6544,-2861
2302,-22497,4270,-4272
2303,-20547,11249,-3894
2304,-22448,4726,-4108
2305,-21742,-1293,-6754
2306,-20669,-4512,-7985
2307,-20899,11014,-2543
2308,-22130,442,-5969
2309,-22402,4105,-4574
2310,-22421,4696,-4124
2311,-17037,14724,-8105
2312,-22432,4316,-4337
2313,-22396,5277,-3884
2314,-22458,5495,-3303
2315,-22451,3965,-4461
2316,-21034,10780,-2325
2317,-22560,5592,-2572
2318,-22220,6554,-3186
2319,-22282,6340,-3078
2320,-22429,5708,-3343
2321,-22429,5708,-3343
2322,-19314,12886,-5401
2323,-22560,5592,-2572
2324,-22562,4843,-3477
2325,-22458,5495,-3303
2326,-22389,4271,-4676
2327,-1601,25728,64
2328,807,25830,3063
2329,-22513,5334,-3423
2330,-22407,4294,-4644
2331,-22443,3350,-4685
2332,307,25797,2713
2333,-22470,4740,-3984
2334,819,25858,2702
2335,-22467,5004,-3681
2336,-22538,4613,-3899
2337,-22432,4316,-4337
2338,-22409,4391,-4445
2339,-22491,5036,-3598
2340,-21004,10217,-3807
2341,-19113,12543,-6525
2342,-22460,5261,-3699
2343,-20701,-4353,-8003
2344,-22208,6580,-3228
2345,-22418,4138,-4451
2347,-22496,4231,-4071
2348,-20766,-4304,-7892
2349,-22277,6264,-3231
2350,-19234,11826,-7142
2351,-22257,5841,-3881
2352,-20765,11060,-3304
2353,-21130,9896,-3797
2354,-22360,5000,-4223
2355,-22239,5837,-3884
2356,-22360,5000,-4223
2357,-22446,4325,-4268
2358,-19536,11443,-6894
2359,-22360,5000,-4223
2360,-22360,5000,-4223
2361,-22461,4945,-3658
2362,-22513,4528,-3700
2363,-22160,7176,-2550
2364,-21908,7902,-3025
2365,-20109,12562,-2820
2366,-22534,4912,-3395
2367,-22534,4912,-3395
2368,-22148,6420,-3600
2369,-22306,4128,-4831
2370,-22430,5512,-3474
2371,-18954,12822,-6537
2372,-19471,12201,-5994
2373,-22300,4865,-4520
2374,-19535,12774,-4814
2375,-22430,5512,-3474
2376,-22144,6076,-4050
2377,-22244,5382,-4222
2378,-22452,2791,-4732
2379,-22219,6505,-3193
2380,-22070,7143,-3075
2381,-22015,7838,-2298
2382,-19281,13018,-5281
2383,-22003,8176,-1845
2384,695,25660,3784
2385,1188,25547,4781
2386,687,25686,3718
2387,2172,25457,5236
2388,-22037,7259,-2993
2389,2707,25481,4676
2390,-22240,5479,-4073
2391,-19261,12764,-5298
2392,1172,25689,2978
2393,2827,25332,5264
2394,-165,25757,1756
2395,822,25729,2672
2396,2317,25576,3800
2397,-163,25698,2212
2398,377,25728,2161
2399,345,25678,2662
2400,823,25686,2670
2401,820,25660,3136
2402,1312,25694,3307
2403,1806,25440,4654
2404,1665,25681,2675
2405,693,25638,2563
2406,-285,25648,1621
2407,1178,25652,2170
2408,192,25639,2136
2409,1184,25485,3578
2410,2190,25360,4153
2411,1669,25381,4219
2412,3163,24990,5787
2413,1183,25415,3787
2414,703,25422,3706
2415,821,25495,2914
2416,2316,25090,5416
2417,1815,25233,4466
2418,1763,25421,2529
2419,2743,25109,4400
2420,1787,25295,3468
2421,1770,25223,3843
2422,1783,25170,4339
2423,1297,25224,4181
2424,387,25331,2356
2425,1297,25227,2914
2426,1766,25086,4265
2427,1806,24966,4906
2428,2249,24978,4343
2429,2263,25007,3916
2430,1284,25121,2894
2431,1299,25090,2990
2432,1752,25081,2932
2433,3198,24413,6157
2434,2684,24696,4719
2435,2692,24812,3463
2436,2691,24790,3882
2437,1669,24877,3353
2438,2124,24869,2908
2439,1642,24824,3292
2440,2649,24604,4338
